{"mean":{"confidence_interval":{"confidence_level":0.99,"lower_bound":230086.23732353782,"upper_bound":231518.93454812426},"point_estimate":230780.36972297035,"standard_error":281.7060516686339},"median":{"confidence_interval":{"confidence_level":0.99,"lower_bound":229634.57100808003,"upper_bound":231747.13943824547},"point_estimate":230692.4406502501,"standard_error":584.84136713746},"median_abs_dev":{"confidence_interval":{"confidence_level":0.99,"lower_bound":260.9480916504352,"upper_bound":2347.6957462846754},"point_estimate":1568.3975036367074,"standard_error":468.35918829734686},"slope":null,"std_dev":{"confidence_interval":{"confidence_level":0.99,"lower_bound":849.779229439762,"upper_bound":1659.0531348874824},"point_estimate":1296.9416219386003,"standard_error":160.85098479039658}}