{"mean":{"confidence_interval":{"confidence_level":0.95,"lower_bound":31721579141.45,"upper_bound":31847978653.1},"point_estimate":31782879888.0,"standard_error":32295658.784621198},"median":{"confidence_interval":{"confidence_level":0.95,"lower_bound":31683314779.0,"upper_bound":31879136765.0},"point_estimate":31755113306.0,"standard_error":56313761.90017339},"median_abs_dev":{"confidence_interval":{"confidence_level":0.95,"lower_bound":26675653.339612484,"upper_bound":171838488.98425698},"point_estimate":120873755.35856187,"standard_error":40520969.63808925},"slope":null,"std_dev":{"confidence_interval":{"confidence_level":0.95,"lower_bound":65945628.62315865,"upper_bound":127761780.56646751},"point_estimate":107652123.7566091,"standard_error":15794408.484437907}}