{"mean":{"confidence_interval":{"confidence_level":0.95,"lower_bound":14536838.045813106,"upper_bound":14608963.614138346},"point_estimate":14569728.561650485,"standard_error":18537.39975923902},"median":{"confidence_interval":{"confidence_level":0.95,"lower_bound":14520937.56553398,"upper_bound":14597890.558252428},"point_estimate":14563744.251213592,"standard_error":17595.55658321933},"median_abs_dev":{"confidence_interval":{"confidence_level":0.95,"lower_bound":8057.0564108402195,"upper_bound":87572.32600984458},"point_estimate":52144.944703855675,"standard_error":19308.922409748404},"slope":null,"std_dev":{"confidence_interval":{"confidence_level":0.95,"lower_bound":24867.419566670593,"upper_bound":86649.96758203948},"point_estimate":61603.64043737839,"standard_error":17950.647674561216}}