{"mean":{"confidence_interval":{"confidence_level":0.95,"lower_bound":37256599.37372728,"upper_bound":37436754.58027272},"point_estimate":37345489.97090908,"standard_error":45887.088379111934},"median":{"confidence_interval":{"confidence_level":0.95,"lower_bound":37266523.36363637,"upper_bound":37439954.09090909},"point_estimate":37324224.40909091,"standard_error":42311.902841561525},"median_abs_dev":{"confidence_interval":{"confidence_level":0.95,"lower_bound":152969.20662061483,"upper_bound":373910.2155988086},"point_estimate":236382.97677609656,"standard_error":56855.89525681176},"slope":null,"std_dev":{"confidence_interval":{"confidence_level":0.95,"lower_bound":245003.48504523747,"upper_bound":399830.01523278415},"point_estimate":327453.50230979064,"standard_error":39653.48538132285}}