{"mean":{"confidence_interval":{"confidence_level":0.95,"lower_bound":1827120.4753230382,"upper_bound":1837953.675547589},"point_estimate":1832161.3891900412,"standard_error":2791.308324496789},"median":{"confidence_interval":{"confidence_level":0.95,"lower_bound":1825412.2442483455,"upper_bound":1838687.3822880555},"point_estimate":1829517.0185943902,"standard_error":3151.3245047774485},"median_abs_dev":{"confidence_interval":{"confidence_level":0.95,"lower_bound":704.978857386438,"upper_bound":15150.198513318139},"point_estimate":8170.232314703598,"standard_error":3800.681324955751},"slope":null,"std_dev":{"confidence_interval":{"confidence_level":0.95,"lower_bound":3928.3096483408467,"upper_bound":12081.40293002655},"point_estimate":9312.254728203456,"standard_error":2069.32412867082}}