{"mean":{"confidence_interval":{"confidence_level":0.95,"lower_bound":4323550541.6,"upper_bound":4349339356.7},"point_estimate":4334456711.45,"standard_error":6698752.881298541},"median":{"confidence_interval":{"confidence_level":0.95,"lower_bound":4318810295.5,"upper_bound":4340862377.25},"point_estimate":4330381336.0,"standard_error":4393222.424937802},"median_abs_dev":{"confidence_interval":{"confidence_level":0.95,"lower_bound":950637.9140228033,"upper_bound":24894023.32944274},"point_estimate":10809577.474741638,"standard_error":7526661.489970311},"slope":null,"std_dev":{"confidence_interval":{"confidence_level":0.95,"lower_bound":6869087.558748561,"upper_bound":32538892.852298878},"point_estimate":22313861.77130216,"standard_error":7908863.036627228}}