{"mean":{"confidence_interval":{"confidence_level":0.99,"lower_bound":3243818.674302146,"upper_bound":3259388.383818441},"point_estimate":3251208.052417165,"standard_error":2997.9406298906365},"median":{"confidence_interval":{"confidence_level":0.99,"lower_bound":3240579.066539924,"upper_bound":3258306.057848995},"point_estimate":3253538.914448669,"standard_error":4041.710951026978},"median_abs_dev":{"confidence_interval":{"confidence_level":0.99,"lower_bound":2731.6968940876927,"upper_bound":23962.751994347927},"point_estimate":12811.799892316852,"standard_error":3917.7187858338266},"slope":null,"std_dev":{"confidence_interval":{"confidence_level":0.99,"lower_bound":7953.140888872629,"upper_bound":18951.8530989625},"point_estimate":13749.277512182494,"standard_error":2258.9467494605838}}