{"mean":{"confidence_interval":{"confidence_level":0.95,"lower_bound":3200064.2342414535,"upper_bound":3235456.4856490386},"point_estimate":3215800.811752137,"standard_error":9174.741282705323},"median":{"confidence_interval":{"confidence_level":0.95,"lower_bound":3195489.878205128,"upper_bound":3230489.0683760685},"point_estimate":3205510.549679487,"standard_error":8112.376214495832},"median_abs_dev":{"confidence_interval":{"confidence_level":0.95,"lower_bound":3574.117695520876,"upper_bound":41050.338949416226},"point_estimate":17101.203833892712,"standard_error":9692.950799432716},"slope":null,"std_dev":{"confidence_interval":{"confidence_level":0.95,"lower_bound":8623.659592883872,"upper_bound":41952.857376131076},"point_estimate":30570.16548818838,"standard_error":9065.521323121995}}