{"mean":{"confidence_interval":{"confidence_level":0.95,"lower_bound":373324094.0719445,"upper_bound":375512648.0458334},"point_estimate":374410857.76666665,"standard_error":561374.8302054132},"median":{"confidence_interval":{"confidence_level":0.95,"lower_bound":372852766.6111111,"upper_bound":375803449.38888884},"point_estimate":374646612.1111111,"standard_error":778221.4659338563},"median_abs_dev":{"confidence_interval":{"confidence_level":0.95,"lower_bound":111443.74535483099,"upper_bound":3354734.4755748957},"point_estimate":2261923.707842812,"standard_error":784801.2923535246},"slope":null,"std_dev":{"confidence_interval":{"confidence_level":0.95,"lower_bound":1097094.9224590948,"upper_bound":2299767.1879036394},"point_estimate":1868340.3269371444,"standard_error":305926.70305759215}}