{"mean":{"confidence_interval":{"confidence_level":0.95,"lower_bound":8895785.270527523,"upper_bound":8965506.762461776},"point_estimate":8929137.781039756,"standard_error":17816.487371174513},"median":{"confidence_interval":{"confidence_level":0.95,"lower_bound":8885167.951070337,"upper_bound":8962654.79357798},"point_estimate":8920439.339449542,"standard_error":17686.738701034683},"median_abs_dev":{"confidence_interval":{"confidence_level":0.95,"lower_bound":4637.432165376042,"upper_bound":99310.33155064995},"point_estimate":47220.44644607352,"standard_error":25942.337156917663},"slope":null,"std_dev":{"confidence_interval":{"confidence_level":0.95,"lower_bound":28622.240268656882,"upper_bound":78076.30302401757},"point_estimate":59273.745644720046,"standard_error":13022.66212841179}}