{"mean":{"confidence_interval":{"confidence_level":0.95,"lower_bound":3220021.359887218,"upper_bound":3236635.770545113},"point_estimate":3228226.759505908,"standard_error":4257.3976751307555},"median":{"confidence_interval":{"confidence_level":0.95,"lower_bound":3217961.048335124,"upper_bound":3241200.464554243},"point_estimate":3223899.9946294306,"standard_error":6349.980474993552},"median_abs_dev":{"confidence_interval":{"confidence_level":0.95,"lower_bound":2160.7421571279733,"upper_bound":24050.765437675243},"point_estimate":15486.6485145307,"standard_error":5773.600384876924},"slope":null,"std_dev":{"confidence_interval":{"confidence_level":0.95,"lower_bound":8198.760091272252,"upper_bound":17408.041948717557},"point_estimate":14183.981939508425,"standard_error":2319.7755471932646}}