{"mean":{"confidence_interval":{"confidence_level":0.99,"lower_bound":35537567.281054415,"upper_bound":35674691.58819265},"point_estimate":35600903.64911765,"standard_error":26787.867765452607},"median":{"confidence_interval":{"confidence_level":0.99,"lower_bound":35514803.90588236,"upper_bound":35681385.02352941},"point_estimate":35573431.738235295,"standard_error":37841.77574913766},"median_abs_dev":{"confidence_interval":{"confidence_level":0.99,"lower_bound":36157.7484516006,"upper_bound":197629.35988725504},"point_estimate":120485.16132684276,"standard_error":33121.74342820756},"slope":null,"std_dev":{"confidence_interval":{"confidence_level":0.99,"lower_bound":69384.76945710252,"upper_bound":168145.95259256213},"point_estimate":122792.67087256009,"standard_error":20663.96216660156}}