{"mean":{"confidence_interval":{"confidence_level":0.95,"lower_bound":3254449.7832448534,"upper_bound":3266927.9276273022},"point_estimate":3260295.356988082,"standard_error":3195.6756195260955},"median":{"confidence_interval":{"confidence_level":0.95,"lower_bound":3250512.6836403036,"upper_bound":3267486.1294691227},"point_estimate":3258673.9772481043,"standard_error":4213.667623467951},"median_abs_dev":{"confidence_interval":{"confidence_level":0.95,"lower_bound":1385.5258167892239,"upper_bound":17833.97502249536},"point_estimate":10946.162502091205,"standard_error":4212.492877901461},"slope":null,"std_dev":{"confidence_interval":{"confidence_level":0.95,"lower_bound":5077.651440289568,"upper_bound":13722.891420576432},"point_estimate":10697.550142328984,"standard_error":2258.3659632707986}}