{"mean":{"confidence_interval":{"confidence_level":0.95,"lower_bound":91408556.93544115,"upper_bound":92047625.33514707},"point_estimate":91737194.47647057,"standard_error":164429.33593614452},"median":{"confidence_interval":{"confidence_level":0.95,"lower_bound":91311603.19117647,"upper_bound":92002896.91176471},"point_estimate":91783457.10294119,"standard_error":150855.29985345475},"median_abs_dev":{"confidence_interval":{"confidence_level":0.95,"lower_bound":12129.150384664536,"upper_bound":1007961.6172668416},"point_estimate":319276.8795934618,"standard_error":251768.48212769147},"slope":null,"std_dev":{"confidence_interval":{"confidence_level":0.95,"lower_bound":145797.41796962186,"upper_bound":731503.7950305307},"point_estimate":549498.4344577426,"standard_error":129188.06490961224}}