{"mean":{"confidence_interval":{"confidence_level":0.95,"lower_bound":42300987.036450006,"upper_bound":42567248.46215},"point_estimate":42433622.826000005,"standard_error":68202.54152340801},"median":{"confidence_interval":{"confidence_level":0.95,"lower_bound":42255457.7,"upper_bound":42663397.4},"point_estimate":42434346.2,"standard_error":107172.38074179302},"median_abs_dev":{"confidence_interval":{"confidence_level":0.95,"lower_bound":370231.1589270775,"upper_bound":746580.2666455507},"point_estimate":611851.736847468,"standard_error":91842.12942599841},"slope":null,"std_dev":{"confidence_interval":{"confidence_level":0.95,"lower_bound":410338.33254605957,"upper_bound":552017.7872408382},"point_estimate":488594.67417110765,"standard_error":36186.858498705216}}