{"mean":{"confidence_interval":{"confidence_level":0.95,"lower_bound":8975244.109406905,"upper_bound":9048327.209489489},"point_estimate":9011141.230930928,"standard_error":18573.64377736799},"median":{"confidence_interval":{"confidence_level":0.95,"lower_bound":8972628.261261262,"upper_bound":9038437.614114113},"point_estimate":9019080.127627628,"standard_error":18065.77021118956},"median_abs_dev":{"confidence_interval":{"confidence_level":0.95,"lower_bound":6828.813182368292,"upper_bound":104678.85315689546},"point_estimate":30421.571261710666,"standard_error":25449.69890442675},"slope":null,"std_dev":{"confidence_interval":{"confidence_level":0.95,"lower_bound":26447.799601271832,"upper_bound":84511.8337348259},"point_estimate":61633.10341051685,"standard_error":14838.055248449758}}