{"mean":{"confidence_interval":{"confidence_level":0.95,"lower_bound":215673618.71446428,"upper_bound":216618468.01196432},"point_estimate":216086154.6,"standard_error":245194.05392326572},"median":{"confidence_interval":{"confidence_level":0.95,"lower_bound":215443908.7142857,"upper_bound":216338827.21428573},"point_estimate":215934652.25,"standard_error":198378.83451521213},"median_abs_dev":{"confidence_interval":{"confidence_level":0.95,"lower_bound":65608.33173522243,"upper_bound":1007466.1828139094},"point_estimate":606746.096728113,"standard_error":249675.27369066002},"slope":null,"std_dev":{"confidence_interval":{"confidence_level":0.95,"lower_bound":291370.7195703446,"upper_bound":1179922.2635945028},"point_estimate":817837.1496089166,"standard_error":266583.10867058777}}