{"mean":{"confidence_interval":{"confidence_level":0.95,"lower_bound":896560.3827499242,"upper_bound":900887.7940449864},"point_estimate":898740.5240533173,"standard_error":1112.6435101021934},"median":{"confidence_interval":{"confidence_level":0.95,"lower_bound":895089.2578006664,"upper_bound":902345.1036049682},"point_estimate":898990.9715237806,"standard_error":2460.0042672507484},"median_abs_dev":{"confidence_interval":{"confidence_level":0.95,"lower_bound":107.58012196166203,"upper_bound":5722.233157059033},"point_estimate":4916.359675910144,"standard_error":1657.7323301354545},"slope":null,"std_dev":{"confidence_interval":{"confidence_level":0.95,"lower_bound":2530.6955203401517,"upper_bound":4119.8681875454195},"point_estimate":3698.327422108763,"standard_error":408.17330252630205}}