{"mean":{"confidence_interval":{"confidence_level":0.95,"lower_bound":116726.51102653453,"upper_bound":117382.01734143934},"point_estimate":117049.92557776527,"standard_error":166.15088658535922},"median":{"confidence_interval":{"confidence_level":0.95,"lower_bound":116456.56125244618,"upper_bound":117224.34747474747},"point_estimate":116833.26517057337,"standard_error":222.38597292978534},"median_abs_dev":{"confidence_interval":{"confidence_level":0.95,"lower_bound":1853.023775208659,"upper_bound":2558.250852263791},"point_estimate":2222.9931094620592,"standard_error":180.30694778132275},"slope":{"confidence_interval":{"confidence_level":0.95,"lower_bound":116449.64415427175,"upper_bound":117167.18739446848},"point_estimate":116801.13134395354,"standard_error":183.40676164191072},"std_dev":{"confidence_interval":{"confidence_level":0.95,"lower_bound":2050.631825034516,"upper_bound":2680.619080412703},"point_estimate":2354.7084465573794,"standard_error":162.7906377338017}}