{"mean":{"confidence_interval":{"confidence_level":0.99,"lower_bound":1433913.8962545558,"upper_bound":1451043.1744395006},"point_estimate":1442077.8603630457,"standard_error":3333.272247564279},"median":{"confidence_interval":{"confidence_level":0.99,"lower_bound":1430448.2592089372,"upper_bound":1448348.6326530613},"point_estimate":1436905.7653198652,"standard_error":3133.586300214299},"median_abs_dev":{"confidence_interval":{"confidence_level":0.99,"lower_bound":10194.979195756245,"upper_bound":27203.184611198503},"point_estimate":18872.3419227167,"standard_error":2929.3823909540342},"slope":{"confidence_interval":{"confidence_level":0.99,"lower_bound":1429047.345980358,"upper_bound":1442147.5502975865},"point_estimate":1435270.0836213033,"standard_error":2502.1804651468287},"std_dev":{"confidence_interval":{"confidence_level":0.99,"lower_bound":15325.906312868403,"upper_bound":30668.80951499896},"point_estimate":23780.423657167757,"standard_error":3015.81724944004}}