{"mean":{"confidence_interval":{"confidence_level":0.95,"lower_bound":121021.33304396171,"upper_bound":125957.67628840654},"point_estimate":123440.20448865308,"standard_error":1260.8521295730952},"median":{"confidence_interval":{"confidence_level":0.95,"lower_bound":116870.96470588236,"upper_bound":127253.54694872601},"point_estimate":120324.65140056022,"standard_error":2906.7598531615668},"median_abs_dev":{"confidence_interval":{"confidence_level":0.95,"lower_bound":4182.933980811604,"upper_bound":13393.609556110003},"point_estimate":9139.980162701042,"standard_error":2545.07229441328},"slope":{"confidence_interval":{"confidence_level":0.95,"lower_bound":122745.05139071506,"upper_bound":130293.51336640256},"point_estimate":126607.22464558567,"standard_error":1921.2971752862761},"std_dev":{"confidence_interval":{"confidence_level":0.95,"lower_bound":7390.750875691367,"upper_bound":10428.33024547016},"point_estimate":9044.76785730395,"standard_error":775.545076161939}}