{"mean":{"confidence_interval":{"confidence_level":0.95,"lower_bound":1060854.1766966793,"upper_bound":1068155.6306946154},"point_estimate":1064504.1973639247,"standard_error":1862.4314667800222},"median":{"confidence_interval":{"confidence_level":0.95,"lower_bound":1058775.6176470588,"upper_bound":1068469.5673605655},"point_estimate":1064050.5944092828,"standard_error":2178.1199496074037},"median_abs_dev":{"confidence_interval":{"confidence_level":0.95,"lower_bound":12643.431826460175,"upper_bound":20999.77116729579},"point_estimate":16221.256297562368,"standard_error":2155.3026006874916},"slope":{"confidence_interval":{"confidence_level":0.95,"lower_bound":1062516.916760623,"upper_bound":1069105.8211344387},"point_estimate":1065715.2501329985,"standard_error":1674.9269578430042},"std_dev":{"confidence_interval":{"confidence_level":0.95,"lower_bound":15064.396683894316,"upper_bound":22193.138015168694},"point_estimate":18704.887738305584,"standard_error":1821.7823270109711}}