{"mean":{"confidence_interval":{"confidence_level":0.95,"lower_bound":90239364.58367646,"upper_bound":91092091.46117647},"point_estimate":90643146.37352943,"standard_error":219859.8709268738},"median":{"confidence_interval":{"confidence_level":0.95,"lower_bound":90046514.85294119,"upper_bound":91312651.23529412},"point_estimate":90537201.25,"standard_error":261173.1015245567},"median_abs_dev":{"confidence_interval":{"confidence_level":0.95,"lower_bound":101194.2071152032,"upper_bound":1374312.6594422534},"point_estimate":483796.22382855037,"standard_error":297707.2287084778},"slope":null,"std_dev":{"confidence_interval":{"confidence_level":0.95,"lower_bound":338608.1209224642,"upper_bound":921200.419389665},"point_estimate":733206.574735619,"standard_error":147551.01408853265}}