{"mean":{"confidence_interval":{"confidence_level":0.95,"lower_bound":21691998.087113973,"upper_bound":21836867.855147056},"point_estimate":21767564.846323527,"standard_error":37183.74857216133},"median":{"confidence_interval":{"confidence_level":0.95,"lower_bound":21649093.61029412,"upper_bound":21868957.029411763},"point_estimate":21793349.216911763,"standard_error":57643.58479152326},"median_abs_dev":{"confidence_interval":{"confidence_level":0.95,"lower_bound":16304.081050984576,"upper_bound":210585.85120399858},"point_estimate":119577.39479692657,"standard_error":53092.57238507014},"slope":null,"std_dev":{"confidence_interval":{"confidence_level":0.95,"lower_bound":66377.7780396029,"upper_bound":150351.2550644298},"point_estimate":123338.25652062398,"standard_error":21167.078137246262}}