{"mean":{"confidence_interval":{"confidence_level":0.95,"lower_bound":29231863.624105386,"upper_bound":29480950.435306378},"point_estimate":29359632.291666668,"standard_error":64019.87541185075},"median":{"confidence_interval":{"confidence_level":0.95,"lower_bound":29129955.166666668,"upper_bound":29534952.05882353},"point_estimate":29397793.580882356,"standard_error":112042.65249234212},"median_abs_dev":{"confidence_interval":{"confidence_level":0.95,"lower_bound":31821.55923799795,"upper_bound":348500.94184669113},"point_estimate":218206.70214075694,"standard_error":89673.74435681214},"slope":null,"std_dev":{"confidence_interval":{"confidence_level":0.95,"lower_bound":127012.17099219482,"upper_bound":252725.04215159378},"point_estimate":214268.71579702318,"standard_error":31136.90846617473}}