{"mean":{"confidence_interval":{"confidence_level":0.95,"lower_bound":27033148.483928572,"upper_bound":27206430.47580356},"point_estimate":27109435.16339286,"standard_error":44695.00295318696},"median":{"confidence_interval":{"confidence_level":0.95,"lower_bound":27003278.254464287,"upper_bound":27189787.32142857},"point_estimate":27068276.66517857,"standard_error":41815.63666584164},"median_abs_dev":{"confidence_interval":{"confidence_level":0.95,"lower_bound":15614.03471654626,"upper_bound":199657.614974116},"point_estimate":98623.27169283535,"standard_error":50003.21082478251},"slope":null,"std_dev":{"confidence_interval":{"confidence_level":0.95,"lower_bound":52592.82145653946,"upper_bound":210355.27894206878},"point_estimate":148716.46573043446,"standard_error":45699.68227804058}}