{"mean":{"confidence_interval":{"confidence_level":0.99,"lower_bound":2536355.8531929273,"upper_bound":2547463.4614827405},"point_estimate":2541467.5947268107,"standard_error":2166.7704778264706},"median":{"confidence_interval":{"confidence_level":0.99,"lower_bound":2533531.7687420584,"upper_bound":2546267.2456586193},"point_estimate":2539715.813002965,"standard_error":3783.283126622507},"median_abs_dev":{"confidence_interval":{"confidence_level":0.99,"lower_bound":2388.4528587395384,"upper_bound":18492.516568261664},"point_estimate":9486.424094987808,"standard_error":2986.9473830413444},"slope":null,"std_dev":{"confidence_interval":{"confidence_level":0.99,"lower_bound":5575.261359896039,"upper_bound":13400.168919666248},"point_estimate":9956.42862806389,"standard_error":1660.7827063039074}}