{"mean":{"confidence_interval":{"confidence_level":0.95,"lower_bound":144969409.1058333,"upper_bound":145444730.14966664},"point_estimate":145203427.29999998,"standard_error":120905.94021319626},"median":{"confidence_interval":{"confidence_level":0.95,"lower_bound":144835373.0,"upper_bound":145417894.66666666},"point_estimate":145147905.3333333,"standard_error":141468.67101899436},"median_abs_dev":{"confidence_interval":{"confidence_level":0.95,"lower_bound":495627.48790083843,"upper_bound":1123394.6636557726},"point_estimate":835920.9997594578,"standard_error":163752.73733022492},"slope":null,"std_dev":{"confidence_interval":{"confidence_level":0.95,"lower_bound":670400.5470711949,"upper_bound":1041057.725823291},"point_estimate":864613.9681647617,"standard_error":94287.7514112427}}