{"mean":{"confidence_interval":{"confidence_level":0.95,"lower_bound":1615424.245485621,"upper_bound":1630982.9113239283},"point_estimate":1623044.6180683668,"standard_error":3997.183590788341},"median":{"confidence_interval":{"confidence_level":0.95,"lower_bound":1610531.4614758547,"upper_bound":1635459.5778621812},"point_estimate":1621271.9896907217,"standard_error":6516.6493312604525},"median_abs_dev":{"confidence_interval":{"confidence_level":0.95,"lower_bound":3467.5439146731437,"upper_bound":22310.203017479635},"point_estimate":16649.631893503945,"standard_error":5003.420317529649},"slope":null,"std_dev":{"confidence_interval":{"confidence_level":0.95,"lower_bound":7909.744474675819,"upper_bound":15866.322502692072},"point_estimate":13312.52670720661,"standard_error":2011.933588875838}}