{"mean":{"confidence_interval":{"confidence_level":0.95,"lower_bound":37074054.864598766,"upper_bound":37221153.51407407},"point_estimate":37142297.82592593,"standard_error":37911.84490389598},"median":{"confidence_interval":{"confidence_level":0.95,"lower_bound":37034085.86419753,"upper_bound":37235223.7037037},"point_estimate":37097707.46296296,"standard_error":53025.88362868443},"median_abs_dev":{"confidence_interval":{"confidence_level":0.95,"lower_bound":2459.7797859498537,"upper_bound":216288.7859971467},"point_estimate":94502.07545558919,"standard_error":53432.05115824429},"slope":null,"std_dev":{"confidence_interval":{"confidence_level":0.95,"lower_bound":44819.86802063649,"upper_bound":155773.33901964588},"point_estimate":126562.13575808624,"standard_error":25818.655185321997}}