{"mean":{"confidence_interval":{"confidence_level":0.95,"lower_bound":45418248.89242424,"upper_bound":46205178.01261364},"point_estimate":45825040.0621212,"standard_error":201856.025568295},"median":{"confidence_interval":{"confidence_level":0.95,"lower_bound":45238714.1969697,"upper_bound":46343923.88636364},"point_estimate":46100489.35606061,"standard_error":333035.74571582145},"median_abs_dev":{"confidence_interval":{"confidence_level":0.95,"lower_bound":28160.52636368775,"upper_bound":1026147.5955322422},"point_estimate":721158.5741696,"standard_error":278977.1072474875},"slope":null,"std_dev":{"confidence_interval":{"confidence_level":0.95,"lower_bound":390036.75571364374,"upper_bound":824916.7447517178},"point_estimate":669993.2833433434,"standard_error":112234.61997660916}}