{"mean":{"confidence_interval":{"confidence_level":0.99,"lower_bound":47041447.620444626,"upper_bound":47309341.152978174},"point_estimate":47164816.528187916,"standard_error":52188.27036480903},"median":{"confidence_interval":{"confidence_level":0.99,"lower_bound":47031126.19798657,"upper_bound":47248433.73489933},"point_estimate":47130771.90939598,"standard_error":37974.249516805074},"median_abs_dev":{"confidence_interval":{"confidence_level":0.99,"lower_bound":49565.36191400058,"upper_bound":358716.2327959412},"point_estimate":156389.6601926573,"standard_error":61364.39287658575},"slope":null,"std_dev":{"confidence_interval":{"confidence_level":0.99,"lower_bound":110166.82085083787,"upper_bound":332887.2908982917},"point_estimate":239111.3780995839,"standard_error":45894.64002578906}}