{"mean":{"confidence_interval":{"confidence_level":0.95,"lower_bound":3721419283.7,"upper_bound":3742843361.5},"point_estimate":3731732166.3,"standard_error":5454737.370848363},"median":{"confidence_interval":{"confidence_level":0.95,"lower_bound":3720972454.0,"upper_bound":3738684545.5},"point_estimate":3732523766.0,"standard_error":4490485.583436159},"median_abs_dev":{"confidence_interval":{"confidence_level":0.95,"lower_bound":2496745.0575739145,"upper_bound":28797924.074198704},"point_estimate":11774048.417168856,"standard_error":6367047.331938624},"slope":null,"std_dev":{"confidence_interval":{"confidence_level":0.95,"lower_bound":6682806.140159236,"upper_bound":25776419.530600782},"point_estimate":18251367.325344127,"standard_error":4930494.137717444}}