{"mean":{"confidence_interval":{"confidence_level":0.99,"lower_bound":95593.76028281121,"upper_bound":96127.59929872541},"point_estimate":95836.08277768898,"standard_error":103.89395660910508},"median":{"confidence_interval":{"confidence_level":0.99,"lower_bound":95534.45090298865,"upper_bound":96124.67279846572},"point_estimate":95634.22329391082,"standard_error":157.84293178638035},"median_abs_dev":{"confidence_interval":{"confidence_level":0.99,"lower_bound":77.83151080777918,"upper_bound":732.1569265009853},"point_estimate":366.9280798481954,"standard_error":132.63123730871777},"slope":null,"std_dev":{"confidence_interval":{"confidence_level":0.99,"lower_bound":247.4699376957707,"upper_bound":702.9060218477144},"point_estimate":477.2849525738356,"standard_error":101.13541880294974}}