{"mean":{"confidence_interval":{"confidence_level":0.95,"lower_bound":18307877.582962967,"upper_bound":19558118.606064156},"point_estimate":18972352.265800264,"standard_error":319589.75504230824},"median":{"confidence_interval":{"confidence_level":0.95,"lower_bound":18230795.828703705,"upper_bound":19686180.091666665},"point_estimate":19432983.012500003,"standard_error":428785.5828461609},"median_abs_dev":{"confidence_interval":{"confidence_level":0.95,"lower_bound":70045.48208769687,"upper_bound":1805904.9078221116},"point_estimate":838204.0355536239,"standard_error":466497.1258650731},"slope":{"confidence_interval":{"confidence_level":0.95,"lower_bound":18916009.06968912,"upper_bound":19820192.001431845},"point_estimate":19405246.123593073,"standard_error":233157.6908240716},"std_dev":{"confidence_interval":{"confidence_level":0.95,"lower_bound":518192.17605968454,"upper_bound":1381544.8203003188},"point_estimate":1063114.9434807147,"standard_error":227515.813964727}}