{"mean":{"confidence_interval":{"confidence_level":0.95,"lower_bound":14647442.660696518,"upper_bound":14740128.27676617},"point_estimate":14691848.76766169,"standard_error":23580.266997554176},"median":{"confidence_interval":{"confidence_level":0.95,"lower_bound":14618105.616915423,"upper_bound":14764106.858208954},"point_estimate":14678630.313432835,"standard_error":33922.523942030384},"median_abs_dev":{"confidence_interval":{"confidence_level":0.95,"lower_bound":12222.104239731503,"upper_bound":143355.75581014997},"point_estimate":86389.90553492951,"standard_error":32171.126512822026},"slope":null,"std_dev":{"confidence_interval":{"confidence_level":0.95,"lower_bound":40719.406860520925,"upper_bound":96910.07398561729},"point_estimate":79184.31064393363,"standard_error":14223.891793757148}}