{"mean":{"confidence_interval":{"confidence_level":0.99,"lower_bound":692671.5256581845,"upper_bound":696109.1853843324},"point_estimate":694241.2417980523,"standard_error":671.5210859581656},"median":{"confidence_interval":{"confidence_level":0.99,"lower_bound":691446.6380709483,"upper_bound":695883.7957917922},"point_estimate":693672.084569905,"standard_error":793.0195378935601},"median_abs_dev":{"confidence_interval":{"confidence_level":0.99,"lower_bound":553.9153174208136,"upper_bound":4985.2503070352595},"point_estimate":3279.082999354784,"standard_error":794.6789237253593},"slope":null,"std_dev":{"confidence_interval":{"confidence_level":0.99,"lower_bound":1631.01886477741,"upper_bound":4387.97326713117},"point_estimate":3089.691735796577,"standard_error":587.661529511765}}