{"mean":{"confidence_interval":{"confidence_level":0.95,"lower_bound":13655805.073972603,"upper_bound":13700785.452705478},"point_estimate":13679586.969406392,"standard_error":11498.685883616838},"median":{"confidence_interval":{"confidence_level":0.95,"lower_bound":13647077.479452055,"upper_bound":13711949.926940639},"point_estimate":13690037.885844748,"standard_error":17934.515617507317},"median_abs_dev":{"confidence_interval":{"confidence_level":0.95,"lower_bound":6641.685694416133,"upper_bound":63860.81058542176},"point_estimate":36230.76606225495,"standard_error":15140.706989774724},"slope":null,"std_dev":{"confidence_interval":{"confidence_level":0.95,"lower_bound":20367.145747099687,"upper_bound":48383.15898793698},"point_estimate":38195.28982117919,"standard_error":7395.159276638961}}