{"mean":{"confidence_interval":{"confidence_level":0.95,"lower_bound":8970306.980480481,"upper_bound":9029852.430645647},"point_estimate":8998299.157357357,"standard_error":15359.053197983176},"median":{"confidence_interval":{"confidence_level":0.95,"lower_bound":8960265.519519519,"upper_bound":9030816.123123122},"point_estimate":8993064.539039038,"standard_error":16100.801122063533},"median_abs_dev":{"confidence_interval":{"confidence_level":0.95,"lower_bound":11165.197718895777,"upper_bound":81141.64137566343},"point_estimate":37867.56009258034,"standard_error":19711.748717178838},"slope":null,"std_dev":{"confidence_interval":{"confidence_level":0.95,"lower_bound":23920.75525651551,"upper_bound":67699.50664078588},"point_estimate":50884.20800884926,"standard_error":11952.375109183697}}