{"mean":{"confidence_interval":{"confidence_level":0.95,"lower_bound":28322600.459615387,"upper_bound":28488185.871153843},"point_estimate":28397073.56634615,"standard_error":42615.53437742629},"median":{"confidence_interval":{"confidence_level":0.95,"lower_bound":28283537.826923076,"upper_bound":28460626.21153846},"point_estimate":28383035.706730768,"standard_error":49079.929814983785},"median_abs_dev":{"confidence_interval":{"confidence_level":0.95,"lower_bound":7707.766403543983,"upper_bound":207420.8217068182},"point_estimate":142209.94880411337,"standard_error":55351.62301118668},"slope":null,"std_dev":{"confidence_interval":{"confidence_level":0.95,"lower_bound":56709.025237315844,"upper_bound":197924.41460886403},"point_estimate":142007.66240469948,"standard_error":40331.25656392856}}