{"mean":{"confidence_interval":{"confidence_level":0.95,"lower_bound":1999231230.0,"upper_bound":2009709381.2762501},"point_estimate":2004109578.2,"standard_error":2690794.3503721748},"median":{"confidence_interval":{"confidence_level":0.95,"lower_bound":1997372452.875,"upper_bound":2010348142.5},"point_estimate":2002181225.625,"standard_error":3313901.7790629747},"median_abs_dev":{"confidence_interval":{"confidence_level":0.95,"lower_bound":1280599.619089812,"upper_bound":14614563.930639625},"point_estimate":6982370.18108815,"standard_error":3394363.602518938},"slope":null,"std_dev":{"confidence_interval":{"confidence_level":0.95,"lower_bound":3720680.0751500297,"upper_bound":11552672.739666725},"point_estimate":8988683.852139365,"standard_error":2027565.2101491545}}