{"mean":{"confidence_interval":{"confidence_level":0.95,"lower_bound":199882502.80499998,"upper_bound":200727337.72709677},"point_estimate":200298069.92580643,"standard_error":216325.14146698752},"median":{"confidence_interval":{"confidence_level":0.95,"lower_bound":199682109.82258064,"upper_bound":200876492.2096774},"point_estimate":200271044.9032258,"standard_error":304273.54074392584},"median_abs_dev":{"confidence_interval":{"confidence_level":0.95,"lower_bound":262847.82978190813,"upper_bound":1222773.036994659},"point_estimate":697352.7345066116,"standard_error":255090.83587391273},"slope":null,"std_dev":{"confidence_interval":{"confidence_level":0.95,"lower_bound":414279.72121292475,"upper_bound":900714.0947128457},"point_estimate":717997.5476579771,"standard_error":124881.69317228613}}