{"mean":{"confidence_interval":{"confidence_level":0.95,"lower_bound":13848886.997792056,"upper_bound":13917995.659813086},"point_estimate":13883441.529439252,"standard_error":17780.529170349877},"median":{"confidence_interval":{"confidence_level":0.95,"lower_bound":13842535.957943926,"upper_bound":13943680.971962618},"point_estimate":13872347.537383176,"standard_error":25457.32643107196},"median_abs_dev":{"confidence_interval":{"confidence_level":0.95,"lower_bound":4948.201660282623,"upper_bound":110893.91591862141},"point_estimate":55531.450569727385,"standard_error":25132.150348491352},"slope":null,"std_dev":{"confidence_interval":{"confidence_level":0.95,"lower_bound":34266.50217630529,"upper_bound":75445.02442816446},"point_estimate":59351.0016642623,"standard_error":10630.262095730142}}