{"mean":{"confidence_interval":{"confidence_level":0.95,"lower_bound":885383.1490025066,"upper_bound":893796.8787046594},"point_estimate":889361.6001179593,"standard_error":2154.2669695498084},"median":{"confidence_interval":{"confidence_level":0.95,"lower_bound":884509.2785314067,"upper_bound":894085.9015039811},"point_estimate":888332.6691241522,"standard_error":2169.0432675431916},"median_abs_dev":{"confidence_interval":{"confidence_level":0.95,"lower_bound":1053.7208772230983,"upper_bound":11992.469619883967},"point_estimate":4143.149017508991,"standard_error":2808.1652469516885},"slope":null,"std_dev":{"confidence_interval":{"confidence_level":0.95,"lower_bound":3266.5697339758776,"upper_bound":9575.431602150318},"point_estimate":7183.717259977246,"standard_error":1655.4682031827635}}