{"mean":{"confidence_interval":{"confidence_level":0.99,"lower_bound":2669783.3096862193,"upper_bound":2684812.9147798303},"point_estimate":2677229.1642252896,"standard_error":2929.381913574161},"median":{"confidence_interval":{"confidence_level":0.99,"lower_bound":2667005.4051647373,"upper_bound":2687820.434995548},"point_estimate":2675993.6028495105,"standard_error":4130.27078028407},"median_abs_dev":{"confidence_interval":{"confidence_level":0.99,"lower_bound":5759.228248866695,"upper_bound":24720.693072161463},"point_estimate":15010.837574644342,"standard_error":3552.76759468881},"slope":null,"std_dev":{"confidence_interval":{"confidence_level":0.99,"lower_bound":8647.18878588891,"upper_bound":17143.485050233623},"point_estimate":13441.434031947409,"standard_error":1654.4129027523825}}