{"mean":{"confidence_interval":{"confidence_level":0.99,"lower_bound":8836352.63068025,"upper_bound":8992771.032024596},"point_estimate":8885664.895668134,"standard_error":33543.666536944},"median":{"confidence_interval":{"confidence_level":0.99,"lower_bound":8828812.190895742,"upper_bound":8874351.550660793},"point_estimate":8849522.130690161,"standard_error":10571.051060510375},"median_abs_dev":{"confidence_interval":{"confidence_level":0.99,"lower_bound":11780.36710803736,"upper_bound":71570.8803820362},"point_estimate":30704.556194091263,"standard_error":10783.253129772294},"slope":null,"std_dev":{"confidence_interval":{"confidence_level":0.99,"lower_bound":19951.53314929351,"upper_bound":279499.09031250526},"point_estimate":153524.7538394671,"standard_error":76549.05067199431}}