{"mean":{"confidence_interval":{"confidence_level":0.95,"lower_bound":106779885.98586208,"upper_bound":107743983.10344824},"point_estimate":107264577.46551724,"standard_error":248020.27875075996},"median":{"confidence_interval":{"confidence_level":0.95,"lower_bound":106569477.13793103,"upper_bound":108072821.2413793},"point_estimate":107236329.0,"standard_error":461202.0085619794},"median_abs_dev":{"confidence_interval":{"confidence_level":0.95,"lower_bound":92525.79241252343,"upper_bound":1316224.5473495882},"point_estimate":966698.229361819,"standard_error":324402.47472084494},"slope":null,"std_dev":{"confidence_interval":{"confidence_level":0.95,"lower_bound":536979.3348062199,"upper_bound":995007.7163994925},"point_estimate":829751.2804144708,"standard_error":117821.30362524721}}