{"mean":{"confidence_interval":{"confidence_level":0.99,"lower_bound":13338742.870854402,"upper_bound":13433489.341889046},"point_estimate":13385072.010955058,"standard_error":18483.430265082035},"median":{"confidence_interval":{"confidence_level":0.99,"lower_bound":13320057.418539327,"upper_bound":13424495.97659176},"point_estimate":13382082.324906368,"standard_error":25450.686967872953},"median_abs_dev":{"confidence_interval":{"confidence_level":0.99,"lower_bound":23759.412819195684,"upper_bound":158648.1533699503},"point_estimate":69637.16964740257,"standard_error":24987.168107493348},"slope":null,"std_dev":{"confidence_interval":{"confidence_level":0.99,"lower_bound":51819.664707227195,"upper_bound":108992.06235674988},"point_estimate":85046.46049492157,"standard_error":11136.78450228843}}