{"mean":{"confidence_interval":{"confidence_level":0.95,"lower_bound":14551823048.8375,"upper_bound":14611369725.1},"point_estimate":14580548898.9,"standard_error":15251578.358857183},"median":{"confidence_interval":{"confidence_level":0.95,"lower_bound":14533365419.0,"upper_bound":14623030870.0},"point_estimate":14571212203.5,"standard_error":20829482.827230964},"median_abs_dev":{"confidence_interval":{"confidence_level":0.95,"lower_bound":9284300.490170717,"upper_bound":86623841.97531939},"point_estimate":60240013.23632598,"standard_error":21185759.162326436},"slope":null,"std_dev":{"confidence_interval":{"confidence_level":0.95,"lower_bound":27019736.793235827,"upper_bound":62166890.48125321},"point_estimate":51071227.76680411,"standard_error":8622316.75223901}}