{"mean":{"confidence_interval":{"confidence_level":0.95,"lower_bound":10599390.610596087,"upper_bound":10649969.974884342},"point_estimate":10624022.545907473,"standard_error":12982.008940625727},"median":{"confidence_interval":{"confidence_level":0.95,"lower_bound":10583812.900355872,"upper_bound":10665812.067615658},"point_estimate":10611244.233096085,"standard_error":24052.70900472915},"median_abs_dev":{"confidence_interval":{"confidence_level":0.95,"lower_bound":9155.54288193991,"upper_bound":67334.95545403428},"point_estimate":50437.462813096754,"standard_error":16367.346774183085},"slope":null,"std_dev":{"confidence_interval":{"confidence_level":0.95,"lower_bound":26890.42175853942,"upper_bound":50850.82239391581},"point_estimate":43154.59293320178,"standard_error":6062.849341903853}}