{"mean":{"confidence_interval":{"confidence_level":0.95,"lower_bound":156291471.51449996,"upper_bound":157094059.49583334},"point_estimate":156686125.7733333,"standard_error":205079.34964606378},"median":{"confidence_interval":{"confidence_level":0.95,"lower_bound":156042840.0,"upper_bound":157086249.0},"point_estimate":156525825.8333333,"standard_error":289237.40756807354},"median_abs_dev":{"confidence_interval":{"confidence_level":0.95,"lower_bound":946167.8751021624,"upper_bound":1888789.3710672634},"point_estimate":1294047.60392607,"standard_error":234020.64930526426},"slope":null,"std_dev":{"confidence_interval":{"confidence_level":0.95,"lower_bound":1167892.2658164247,"upper_bound":1717707.2712366146},"point_estimate":1471096.277085388,"standard_error":140537.67980428986}}