{"mean":{"confidence_interval":{"confidence_level":0.95,"lower_bound":43144148.255492955,"upper_bound":43451062.79570422},"point_estimate":43282569.44647888,"standard_error":79027.64977441859},"median":{"confidence_interval":{"confidence_level":0.95,"lower_bound":43081228.69014084,"upper_bound":43391543.09154929},"point_estimate":43256409.5140845,"standard_error":86295.05958372843},"median_abs_dev":{"confidence_interval":{"confidence_level":0.95,"lower_bound":43863.263145216006,"upper_bound":389496.9504568751},"point_estimate":202047.23137209142,"standard_error":81411.42250402318},"slope":null,"std_dev":{"confidence_interval":{"confidence_level":0.95,"lower_bound":112991.34022993674,"upper_bound":369863.83808284},"point_estimate":263934.9071175054,"standard_error":76488.56545738073}}