{"mean":{"confidence_interval":{"confidence_level":0.95,"lower_bound":901912.3820020871,"upper_bound":911464.8735241502},"point_estimate":906587.4078115681,"standard_error":2455.7199532359414},"median":{"confidence_interval":{"confidence_level":0.95,"lower_bound":900804.3698568873,"upper_bound":914176.847346452},"point_estimate":905477.4408169349,"standard_error":3329.936973952455},"median_abs_dev":{"confidence_interval":{"confidence_level":0.95,"lower_bound":1815.8700147207096,"upper_bound":14535.672050258714},"point_estimate":7362.88409933621,"standard_error":3328.6178496832276},"slope":null,"std_dev":{"confidence_interval":{"confidence_level":0.95,"lower_bound":4433.876911211231,"upper_bound":10240.793452177739},"point_estimate":8187.893783521482,"standard_error":1447.015830546558}}