{"mean":{"confidence_interval":{"confidence_level":0.95,"lower_bound":44981176.11940298,"upper_bound":45389703.83283582},"point_estimate":45182858.45074627,"standard_error":104660.09518535271},"median":{"confidence_interval":{"confidence_level":0.95,"lower_bound":44916845.74626866,"upper_bound":45448318.08955224},"point_estimate":45156728.50746269,"standard_error":176426.38877247146},"median_abs_dev":{"confidence_interval":{"confidence_level":0.95,"lower_bound":36762.261278690756,"upper_bound":567451.1216108032},"point_estimate":407837.6281206261,"standard_error":141864.44325580847},"slope":null,"std_dev":{"confidence_interval":{"confidence_level":0.95,"lower_bound":213107.6787761686,"upper_bound":437158.5531623384},"point_estimate":348930.4597320692,"standard_error":58017.45468883859}}