{"mean":{"confidence_interval":{"confidence_level":0.95,"lower_bound":929516.2206341686,"upper_bound":938388.6560062652},"point_estimate":933832.6486246943,"standard_error":2275.390794075555},"median":{"confidence_interval":{"confidence_level":0.95,"lower_bound":927817.0247555012,"upper_bound":939721.2515281173},"point_estimate":931502.1239303178,"standard_error":3142.847569246768},"median_abs_dev":{"confidence_interval":{"confidence_level":0.95,"lower_bound":214.15277572123577,"upper_bound":12993.769430500312},"point_estimate":7007.39594937139,"standard_error":3149.7204497537673},"slope":null,"std_dev":{"confidence_interval":{"confidence_level":0.95,"lower_bound":4152.528005883367,"upper_bound":9686.2879729379},"point_estimate":7595.601386492958,"standard_error":1409.4824326977623}}