{"mean":{"confidence_interval":{"confidence_level":0.95,"lower_bound":44660295.37462687,"upper_bound":44971922.27164178},"point_estimate":44809417.32835821,"standard_error":79908.62942222692},"median":{"confidence_interval":{"confidence_level":0.95,"lower_bound":44609145.37313433,"upper_bound":45045102.43283582},"point_estimate":44663707.06716418,"standard_error":138098.08370349108},"median_abs_dev":{"confidence_interval":{"confidence_level":0.95,"lower_bound":17587.364316123705,"upper_bound":441240.1076395496},"point_estimate":165987.47844567595,"standard_error":121058.15870291856},"slope":null,"std_dev":{"confidence_interval":{"confidence_level":0.95,"lower_bound":146311.83773641614,"upper_bound":329261.32221271226},"point_estimate":267581.898410127,"standard_error":47091.60840430487}}