{"mean":{"confidence_interval":{"confidence_level":0.95,"lower_bound":27370170.166363638,"upper_bound":27515518.40529545},"point_estimate":27444118.44545455,"standard_error":37345.66069346532},"median":{"confidence_interval":{"confidence_level":0.95,"lower_bound":27333335.054545455,"upper_bound":27558541.763636366},"point_estimate":27466477.15,"standard_error":58145.80027074787},"median_abs_dev":{"confidence_interval":{"confidence_level":0.95,"lower_bound":34968.18515555505,"upper_bound":204491.496564098},"point_estimate":144739.92090216995,"standard_error":47259.81228167509},"slope":null,"std_dev":{"confidence_interval":{"confidence_level":0.95,"lower_bound":72604.70200842916,"upper_bound":148894.37551415377},"point_estimate":124276.19646413528,"standard_error":19122.37781340791}}