{"mean":{"confidence_interval":{"confidence_level":0.99,"lower_bound":192621.9124995884,"upper_bound":194907.54699857958},"point_estimate":193740.6745769565,"standard_error":444.66811672779966},"median":{"confidence_interval":{"confidence_level":0.99,"lower_bound":192140.645625,"upper_bound":195100.27896341463},"point_estimate":193398.82511196553,"standard_error":542.4109884925205},"median_abs_dev":{"confidence_interval":{"confidence_level":0.99,"lower_bound":2977.9548314054937,"upper_bound":5721.624853131372},"point_estimate":4170.514130365833,"standard_error":533.226828486157},"slope":{"confidence_interval":{"confidence_level":0.99,"lower_bound":191155.35800555925,"upper_bound":192938.26999989775},"point_estimate":191993.12131963944,"standard_error":342.7309431034605},"std_dev":{"confidence_interval":{"confidence_level":0.99,"lower_bound":3553.6299936223477,"upper_bound":5341.95476896393},"point_estimate":4456.673925674527,"standard_error":351.6360343346596}}