{"mean":{"confidence_interval":{"confidence_level":0.95,"lower_bound":1087120.5883678661,"upper_bound":1094432.707142975},"point_estimate":1090756.02466782,"standard_error":1857.1473949529461},"median":{"confidence_interval":{"confidence_level":0.95,"lower_bound":1085663.9168449198,"upper_bound":1094015.1015625},"point_estimate":1088943.4482142855,"standard_error":2041.4661562738536},"median_abs_dev":{"confidence_interval":{"confidence_level":0.95,"lower_bound":14400.510017673229,"upper_bound":21876.36070593519},"point_estimate":18100.404863634118,"standard_error":1909.9490365934928},"slope":{"confidence_interval":{"confidence_level":0.95,"lower_bound":1088875.7443691662,"upper_bound":1097079.5014804273},"point_estimate":1092891.6843313137,"standard_error":2094.83609952024},"std_dev":{"confidence_interval":{"confidence_level":0.95,"lower_bound":15841.995115418318,"upper_bound":21372.98813216143},"point_estimate":18714.970396666362,"standard_error":1421.5631422056751}}