{"mean":{"confidence_interval":{"confidence_level":0.99,"lower_bound":172743291.4930563,"upper_bound":173415075.7950875},"point_estimate":173054340.78375,"standard_error":131858.10090036955},"median":{"confidence_interval":{"confidence_level":0.99,"lower_bound":172522239.6875,"upper_bound":173332975.4375},"point_estimate":172905118.77499998,"standard_error":164696.9064947743},"median_abs_dev":{"confidence_interval":{"confidence_level":0.99,"lower_bound":154963.16543384502,"upper_bound":1105743.3534566313},"point_estimate":630567.3376152052,"standard_error":158028.95406305284},"slope":null,"std_dev":{"confidence_interval":{"confidence_level":0.99,"lower_bound":310510.5536470018,"upper_bound":820019.7441856927},"point_estimate":606944.4972396252,"standard_error":102775.43676955703}}