{"mean":{"confidence_interval":{"confidence_level":0.95,"lower_bound":406698.6039470451,"upper_bound":411156.27645157115},"point_estimate":408851.5020302599,"standard_error":1137.5425612463164},"median":{"confidence_interval":{"confidence_level":0.95,"lower_bound":405599.75675675675,"upper_bound":412466.41665589035},"point_estimate":407432.0914263546,"standard_error":2063.794676607231},"median_abs_dev":{"confidence_interval":{"confidence_level":0.95,"lower_bound":494.6924976573582,"upper_bound":5935.9292084659},"point_estimate":3872.6383655674103,"standard_error":1520.585086122177},"slope":null,"std_dev":{"confidence_interval":{"confidence_level":0.95,"lower_bound":2298.412182185102,"upper_bound":4524.024721961511},"point_estimate":3808.4763456034793,"standard_error":574.173598776382}}