{"mean":{"confidence_interval":{"confidence_level":0.95,"lower_bound":45924595.76625001,"upper_bound":46302725.82198529},"point_estimate":46110232.060294114,"standard_error":96329.18659765755},"median":{"confidence_interval":{"confidence_level":0.95,"lower_bound":45850598.27205882,"upper_bound":46503169.85294118},"point_estimate":46005750.32352941,"standard_error":145075.85782144734},"median_abs_dev":{"confidence_interval":{"confidence_level":0.95,"lower_bound":16686.313856698587,"upper_bound":582174.6247466896},"point_estimate":343583.94263987057,"standard_error":164421.40338575852},"slope":null,"std_dev":{"confidence_interval":{"confidence_level":0.95,"lower_bound":181849.21490086018,"upper_bound":386714.7885906114},"point_estimate":320001.3276382466,"standard_error":50779.68659305876}}