{"mean":{"confidence_interval":{"confidence_level":0.95,"lower_bound":3249778.7000788045,"upper_bound":3263449.4362554345},"point_estimate":3255927.5438043475,"standard_error":3519.521859792945},"median":{"confidence_interval":{"confidence_level":0.95,"lower_bound":3249537.2239130433,"upper_bound":3262643.423369565},"point_estimate":3252760.991847826,"standard_error":2873.1388800828868},"median_abs_dev":{"confidence_interval":{"confidence_level":0.95,"lower_bound":1668.533319834419,"upper_bound":17779.43235261307},"point_estimate":5506.589023108371,"standard_error":4172.110719778239},"slope":null,"std_dev":{"confidence_interval":{"confidence_level":0.95,"lower_bound":3514.5956280234996,"upper_bound":15982.032020583814},"point_estimate":11805.812088172299,"standard_error":3239.318202464912}}