{"mean":{"confidence_interval":{"confidence_level":0.95,"lower_bound":536158226.3804167,"upper_bound":539622507.7991667},"point_estimate":537908030.8833333,"standard_error":884674.8958660323},"median":{"confidence_interval":{"confidence_level":0.95,"lower_bound":535758417.6666666,"upper_bound":540084119.75},"point_estimate":537769818.5833334,"standard_error":1138357.090264772},"median_abs_dev":{"confidence_interval":{"confidence_level":0.95,"lower_bound":536560.5905742631,"upper_bound":5037344.557519242},"point_estimate":3045302.4764850587,"standard_error":1111379.5668506324},"slope":null,"std_dev":{"confidence_interval":{"confidence_level":0.95,"lower_bound":1655361.853581589,"upper_bound":3734143.4022336323},"point_estimate":2939437.3160372726,"standard_error":532791.7373146792}}