{"mean":{"confidence_interval":{"confidence_level":0.95,"lower_bound":592026149.1,"upper_bound":600951877.94625},"point_estimate":596069489.15,"standard_error":2292514.7456569066},"median":{"confidence_interval":{"confidence_level":0.95,"lower_bound":590413436.5,"upper_bound":599752290.5},"point_estimate":594353154.0,"standard_error":2892967.2693826435},"median_abs_dev":{"confidence_interval":{"confidence_level":0.95,"lower_bound":581425.6719276309,"upper_bound":12067514.626608789},"point_estimate":7586070.435020328,"standard_error":2622017.571209809},"slope":null,"std_dev":{"confidence_interval":{"confidence_level":0.95,"lower_bound":3494299.952865192,"upper_bound":10537715.02391796},"point_estimate":7626071.580700082,"standard_error":2076389.601556489}}