{"mean":{"confidence_interval":{"confidence_level":0.99,"lower_bound":22893158.12832261,"upper_bound":22988761.388054453},"point_estimate":22938674.549009904,"standard_error":18662.75247795021},"median":{"confidence_interval":{"confidence_level":0.99,"lower_bound":22880392.929042906,"upper_bound":23009113.01320132},"point_estimate":22914637.077557757,"standard_error":20964.383584855917},"median_abs_dev":{"confidence_interval":{"confidence_level":0.99,"lower_bound":19808.18887309098,"upper_bound":149733.65281100306},"point_estimate":80485.02157209988,"standard_error":28541.211217551303},"slope":null,"std_dev":{"confidence_interval":{"confidence_level":0.99,"lower_bound":49792.146788391576,"upper_bound":110909.35114441563},"point_estimate":86184.23279730251,"standard_error":11911.76285265303}}