{"mean":{"confidence_interval":{"confidence_level":0.95,"lower_bound":27488055.043545462,"upper_bound":27635454.045522735},"point_estimate":27560852.806363635,"standard_error":37827.29392877627},"median":{"confidence_interval":{"confidence_level":0.95,"lower_bound":27438283.545454547,"upper_bound":27624810.46818182},"point_estimate":27584257.877272725,"standard_error":43373.785531539215},"median_abs_dev":{"confidence_interval":{"confidence_level":0.95,"lower_bound":4648.591131109884,"upper_bound":242513.83092633827},"point_estimate":78094.08014628015,"standard_error":62157.65470465657},"slope":null,"std_dev":{"confidence_interval":{"confidence_level":0.95,"lower_bound":67147.17534249979,"upper_bound":164943.23193246475},"point_estimate":125847.4411758318,"standard_error":25763.847159111097}}