{"mean":{"confidence_interval":{"confidence_level":0.99,"lower_bound":9262864.352302307,"upper_bound":9290944.234468844},"point_estimate":9275902.513538461,"standard_error":5487.906816396162},"median":{"confidence_interval":{"confidence_level":0.99,"lower_bound":9258603.37076923,"upper_bound":9288837.266923077},"point_estimate":9274676.475384615,"standard_error":6423.666141942308},"median_abs_dev":{"confidence_interval":{"confidence_level":0.99,"lower_bound":8305.6276940835,"upper_bound":42829.33093270256},"point_estimate":22166.74338476866,"standard_error":5628.073919727919},"slope":null,"std_dev":{"confidence_interval":{"confidence_level":0.99,"lower_bound":12945.31188918892,"upper_bound":35214.874691579134},"point_estimate":25282.749574007485,"standard_error":4743.131425039633}}