{"mean":{"confidence_interval":{"confidence_level":0.95,"lower_bound":117773187.57647058,"upper_bound":118680463.61568627},"point_estimate":118223124.68431373,"standard_error":232450.40633999524},"median":{"confidence_interval":{"confidence_level":0.95,"lower_bound":117521899.40196079,"upper_bound":118821383.41176471},"point_estimate":118273032.99019608,"standard_error":349771.39147458645},"median_abs_dev":{"confidence_interval":{"confidence_level":0.95,"lower_bound":169351.62448163342,"upper_bound":1323341.8607471623},"point_estimate":947273.3568766637,"standard_error":292461.86378388444},"slope":null,"std_dev":{"confidence_interval":{"confidence_level":0.95,"lower_bound":467934.9088968607,"upper_bound":949565.7876287358},"point_estimate":776532.2302559628,"standard_error":123909.1154691719}}