{"mean":{"confidence_interval":{"confidence_level":0.95,"lower_bound":7341584.87453395,"upper_bound":7409646.568203704},"point_estimate":7373333.528395062,"standard_error":17442.215620776824},"median":{"confidence_interval":{"confidence_level":0.95,"lower_bound":7325217.513580247,"upper_bound":7400406.290123457},"point_estimate":7366238.225308642,"standard_error":16611.533982654128},"median_abs_dev":{"confidence_interval":{"confidence_level":0.95,"lower_bound":4110.225634806512,"upper_bound":91935.32608152545},"point_estimate":54369.69482696713,"standard_error":22936.38033712996},"slope":null,"std_dev":{"confidence_interval":{"confidence_level":0.95,"lower_bound":25808.684969093796,"upper_bound":78432.10130086492},"point_estimate":58035.44742602781,"standard_error":14328.331365282544}}