{"mean":{"confidence_interval":{"confidence_level":0.95,"lower_bound":666583400.635,"upper_bound":670001622.8425},"point_estimate":668241274.0,"standard_error":870184.8053491429},"median":{"confidence_interval":{"confidence_level":0.95,"lower_bound":664712302.0,"upper_bound":669188858.0},"point_estimate":667556960.5,"standard_error":1289459.1016337175},"median_abs_dev":{"confidence_interval":{"confidence_level":0.95,"lower_bound":3646717.0554578304,"upper_bound":7813357.458785176},"point_estimate":6167331.231307983,"standard_error":1091964.1672336957},"slope":null,"std_dev":{"confidence_interval":{"confidence_level":0.95,"lower_bound":4766284.021640299,"upper_bound":7495070.805456176},"point_estimate":6248031.712523684,"standard_error":696826.3428325991}}