{"mean":{"confidence_interval":{"confidence_level":0.95,"lower_bound":16383652.543439228,"upper_bound":16473687.62154696},"point_estimate":16430447.555801105,"standard_error":23084.218155630235},"median":{"confidence_interval":{"confidence_level":0.95,"lower_bound":16372555.226519337,"upper_bound":16501336.602209944},"point_estimate":16439005.522099447,"standard_error":27642.34997040924},"median_abs_dev":{"confidence_interval":{"confidence_level":0.95,"lower_bound":4924.218268931036,"upper_bound":128612.31630396818},"point_estimate":95465.63210459346,"standard_error":36097.23065105239},"slope":null,"std_dev":{"confidence_interval":{"confidence_level":0.95,"lower_bound":39802.20095903396,"upper_bound":96970.39329407223},"point_estimate":76829.934162738,"standard_error":14377.107339707683}}