{"mean":{"confidence_interval":{"confidence_level":0.99,"lower_bound":7104771.3358094115,"upper_bound":7143571.400459106},"point_estimate":7123017.224742797,"standard_error":7523.103980342634},"median":{"confidence_interval":{"confidence_level":0.99,"lower_bound":7099961.973251029,"upper_bound":7138832.236625515},"point_estimate":7119139.941358024,"standard_error":7540.604407013981},"median_abs_dev":{"confidence_interval":{"confidence_level":0.99,"lower_bound":10912.520762128212,"upper_bound":59883.12049550439},"point_estimate":28433.255010640103,"standard_error":8801.63645459714},"slope":null,"std_dev":{"confidence_interval":{"confidence_level":0.99,"lower_bound":18742.518892954064,"upper_bound":48284.34530544738},"point_estimate":34697.473124105854,"standard_error":6084.293046151495}}