{"mean":{"confidence_interval":{"confidence_level":0.95,"lower_bound":896122.0390098565,"upper_bound":904373.266518817},"point_estimate":900052.7955495818,"standard_error":2123.9271436609642},"median":{"confidence_interval":{"confidence_level":0.95,"lower_bound":894442.6148446833,"upper_bound":906197.3013739546},"point_estimate":897609.9018817204,"standard_error":3287.8543071697427},"median_abs_dev":{"confidence_interval":{"confidence_level":0.95,"lower_bound":870.531513218813,"upper_bound":11670.748894594875},"point_estimate":5272.222486506863,"standard_error":2843.1080437307273},"slope":null,"std_dev":{"confidence_interval":{"confidence_level":0.95,"lower_bound":3275.9620547208974,"upper_bound":8457.776972219977},"point_estimate":7061.913816222908,"standard_error":1250.6807257922653}}