{"mean":{"confidence_interval":{"confidence_level":0.95,"lower_bound":1068073259.8341668,"upper_bound":1077924734.4683332},"point_estimate":1072890306.2000002,"standard_error":2531824.572389031},"median":{"confidence_interval":{"confidence_level":0.95,"lower_bound":1064821241.3333334,"upper_bound":1078648998.6666665},"point_estimate":1073679600.3333334,"standard_error":4226747.3951345375},"median_abs_dev":{"confidence_interval":{"confidence_level":0.95,"lower_bound":1612657.596969634,"upper_bound":15890250.769391302},"point_estimate":11023083.361101063,"standard_error":3666038.7362050875},"slope":null,"std_dev":{"confidence_interval":{"confidence_level":0.95,"lower_bound":5163413.563608377,"upper_bound":10554469.843400419},"point_estimate":8441166.330530385,"standard_error":1447222.2374782157}}