{"mean":{"confidence_interval":{"confidence_level":0.95,"lower_bound":88689472.36367646,"upper_bound":89267078.08911766},"point_estimate":88981043.7147059,"standard_error":147758.0552322924},"median":{"confidence_interval":{"confidence_level":0.95,"lower_bound":88503095.20588236,"upper_bound":89358096.55882353},"point_estimate":89026000.10294119,"standard_error":240885.09007968128},"median_abs_dev":{"confidence_interval":{"confidence_level":0.95,"lower_bound":74716.38877645881,"upper_bound":833236.2728423997},"point_estimate":500069.91703079286,"standard_error":200356.45359761658},"slope":null,"std_dev":{"confidence_interval":{"confidence_level":0.95,"lower_bound":303087.56717941427,"upper_bound":610444.1052911683},"point_estimate":493616.15037002007,"standard_error":79323.20761365797}}