{"mean":{"confidence_interval":{"confidence_level":0.95,"lower_bound":1453735400.7816665,"upper_bound":1458664654.7216666},"point_estimate":1456143751.8999996,"standard_error":1266345.9609354471},"median":{"confidence_interval":{"confidence_level":0.95,"lower_bound":1452955815.1666667,"upper_bound":1461399691.6666667},"point_estimate":1455334750.3333335,"standard_error":2138200.758927014},"median_abs_dev":{"confidence_interval":{"confidence_level":0.95,"lower_bound":281647.5401996977,"upper_bound":7139411.247450467},"point_estimate":3689588.6575968843,"standard_error":1838295.4863911627},"slope":null,"std_dev":{"confidence_interval":{"confidence_level":0.95,"lower_bound":2493040.070543336,"upper_bound":5017454.750770868},"point_estimate":4186875.7612827257,"standard_error":637098.6183494567}}