{"mean":{"confidence_interval":{"confidence_level":0.95,"lower_bound":436781155.07678574,"upper_bound":442119280.4278571},"point_estimate":439382322.9142858,"standard_error":1367519.096861146},"median":{"confidence_interval":{"confidence_level":0.95,"lower_bound":434718722.0,"upper_bound":443169774.14285713},"point_estimate":439653574.42857146,"standard_error":2331384.4219002663},"median_abs_dev":{"confidence_interval":{"confidence_level":0.95,"lower_bound":263320.3453252051,"upper_bound":8435948.313231954},"point_estimate":6872040.756696926,"standard_error":2342676.0281663216},"slope":null,"std_dev":{"confidence_interval":{"confidence_level":0.95,"lower_bound":2723068.0208637007,"upper_bound":5532724.185197586},"point_estimate":4562900.565151725,"standard_error":727111.7844944958}}