{"mean":{"confidence_interval":{"confidence_level":0.95,"lower_bound":7292563677.4,"upper_bound":7311000366.8775},"point_estimate":7301303239.9,"standard_error":4729519.218609459},"median":{"confidence_interval":{"confidence_level":0.95,"lower_bound":7287413745.0,"upper_bound":7314368125.0},"point_estimate":7297119570.0,"standard_error":6898759.848500559},"median_abs_dev":{"confidence_interval":{"confidence_level":0.95,"lower_bound":4073183.972686529,"upper_bound":25782486.930969357},"point_estimate":14735311.32029593,"standard_error":5894209.702693399},"slope":null,"std_dev":{"confidence_interval":{"confidence_level":0.95,"lower_bound":8086036.225555787,"upper_bound":19273366.806490436},"point_estimate":15747009.292061817,"standard_error":2768606.7019092077}}