{"mean":{"confidence_interval":{"confidence_level":0.99,"lower_bound":2108821.999170386,"upper_bound":2122256.995519156},"point_estimate":2114840.959525483,"standard_error":2609.347588235499},"median":{"confidence_interval":{"confidence_level":0.99,"lower_bound":2105122.864499121,"upper_bound":2120682.7889279434},"point_estimate":2113348.254130053,"standard_error":2279.0872440322887},"median_abs_dev":{"confidence_interval":{"confidence_level":0.99,"lower_bound":1350.1066062592915,"upper_bound":18101.07428282461},"point_estimate":12194.962450315421,"standard_error":4087.3249217439143},"slope":null,"std_dev":{"confidence_interval":{"confidence_level":0.99,"lower_bound":5815.852464832989,"upper_bound":16699.08804157742},"point_estimate":11963.4263727356,"standard_error":2217.482724279025}}