{"mean":{"confidence_interval":{"confidence_level":0.95,"lower_bound":44499373.66764705,"upper_bound":44943808.63077206},"point_estimate":44696543.22941176,"standard_error":114658.25250947203},"median":{"confidence_interval":{"confidence_level":0.95,"lower_bound":44466560.35294118,"upper_bound":44850123.13235294},"point_estimate":44627636.433823526,"standard_error":94849.09673907005},"median_abs_dev":{"confidence_interval":{"confidence_level":0.95,"lower_bound":33748.837456718116,"upper_bound":541665.8727099784},"point_estimate":221936.9745480605,"standard_error":124121.14348573747},"slope":null,"std_dev":{"confidence_interval":{"confidence_level":0.95,"lower_bound":121285.62452558773,"upper_bound":538292.6643324816},"point_estimate":382623.2892300392,"standard_error":117555.54045627323}}