{"mean":{"confidence_interval":{"confidence_level":0.95,"lower_bound":378473.1669408061,"upper_bound":380575.4258277707},"point_estimate":379483.4204156172,"standard_error":538.4039267252093},"median":{"confidence_interval":{"confidence_level":0.95,"lower_bound":378244.65314861457,"upper_bound":380693.9710327456},"point_estimate":379200.96102015115,"standard_error":550.2719037682159},"median_abs_dev":{"confidence_interval":{"confidence_level":0.95,"lower_bound":254.62123399344054,"upper_bound":2963.1658538039023},"point_estimate":1562.823196838754,"standard_error":797.8357352948516},"slope":null,"std_dev":{"confidence_interval":{"confidence_level":0.95,"lower_bound":872.638946557427,"upper_bound":2345.64988996169},"point_estimate":1788.9987168278385,"standard_error":384.50543786861255}}