{"mean":{"confidence_interval":{"confidence_level":0.95,"lower_bound":3468636.9461080586,"upper_bound":3493627.519294871},"point_estimate":3481077.8304029303,"standard_error":6388.473836438567},"median":{"confidence_interval":{"confidence_level":0.95,"lower_bound":3468244.6654456654,"upper_bound":3497174.938949939},"point_estimate":3479649.6391941393,"standard_error":5681.506478394683},"median_abs_dev":{"confidence_interval":{"confidence_level":0.95,"lower_bound":3242.7412142247244,"upper_bound":37540.131902759866},"point_estimate":10572.740827681177,"standard_error":9893.531764947353},"slope":null,"std_dev":{"confidence_interval":{"confidence_level":0.95,"lower_bound":9953.055539749399,"upper_bound":28043.97989802942},"point_estimate":21240.415030648765,"standard_error":4620.598553045467}}