{"mean":{"confidence_interval":{"confidence_level":0.95,"lower_bound":883991907.9142857,"upper_bound":892799746.4},"point_estimate":888000644.5714287,"standard_error":2250995.3553527757},"median":{"confidence_interval":{"confidence_level":0.95,"lower_bound":882227709.4285715,"upper_bound":890774078.4285715},"point_estimate":887541138.5714285,"standard_error":2112689.8705156646},"median_abs_dev":{"confidence_interval":{"confidence_level":0.95,"lower_bound":501004.2073054226,"upper_bound":11205318.725365864},"point_estimate":3899507.340369931,"standard_error":2683892.789961657},"slope":null,"std_dev":{"confidence_interval":{"confidence_level":0.95,"lower_bound":2954739.0173263205,"upper_bound":10503596.999440528},"point_estimate":7503036.5856563,"standard_error":2135274.8694874747}}